{"D415": {"pos": [0.0488546636437146, -0.03384417860749521, 0.0512776975002817], "quat_xyzw": [0.012961267509189803, -0.0012768531849757236, 0.7052247395136084, 0.708864191484139], "intrinsic": [[925.0, 0.0, 626.0], [0.0, 926.0, 345.0], [0.0, 0.0, 1.0]]}, "L515": {"pos": [0.068329189218278059, 0.0014213145240625528, 0.0504764049956106], "quat_xyzw": [0.01521805627198811, 0.00623363612254646, 0.712108725756912, 0.7018765669580811], "intrinsic": [[915.73510742, 0.0, 650.41772461], [0.0, 916.14764404, 356.6946106], [0.0, 0.0, 1.0]]}}