{
 "view0": {
  "pos": [
   0.382169259972595,
   0.254110549818019,
   0.6619666748957351
  ],
  "orn_wxyz": [
   -0.039146287221834324,
   0.9148185110058934,
   0.39920078968883854,
   -0.04704667501017965
  ]
 },
 "view1": {
  "pos": [
   0.12287277005351524,
   0.4785878091247652,
   0.6296780620842997
  ],
  "orn_wxyz": [
   -0.028918439022782436,
   0.8284745344101165,
   0.5592764341722009,
   -0.0018814616801579207
  ]
 }
}