{
 "view0": {
  "pos": [
   0.2014731861308635,
   0.27728404957761793,
   0.5691502058214037
  ],
  "orn_wxyz": [
   0.011270544156379758,
   0.9453026937389689,
   0.32584943030574887,
   -0.009896505124897762
  ]
 },
 "view1": {
  "pos": [
   0.15176439988072532,
   0.38683435889267503,
   0.6216839474523348
  ],
  "orn_wxyz": [
   -0.11931739752775403,
   0.9457810334614712,
   0.29489491880963725,
   -0.06556357412475868
  ]
 },
 "view2": {
  "pos": [
   0.0208210622695692,
   0.5437262275203616,
   0.588480050095034
  ],
  "orn_wxyz": [
   -0.003286465811994746,
   0.9547804783455706,
   0.2948399007736562,
   -0.03811653479069696
  ]
 },
 "view3": {
  "pos": [
   0.3421814487635199,
   0.16826035922133037,
   0.5996855900321988
  ],
  "orn_wxyz": [
   0.24775681490706572,
   0.8912595297570436,
   0.3658964320580957,
   0.10194514354060673
  ]
 },
 "view4": {
  "pos": [
   0.29169241183965483,
   0.33434424780146604,
   0.6105792403316133
  ],
  "orn_wxyz": [
   -0.10046322474704415,
   0.9220701341447687,
   0.3293129674125185,
   0.17676758098032194
  ]
 }
}