{"view0": {"pos": [0.2492136032361736, 0.4181585920105021, 0.4235462030946719], "orn_wxyz": [0.052064506714461674, 0.9482676851770783, 0.30356934803929103, -0.07696320757664027]}, "view1": {"pos": [0.3595449113161429, 0.49432791643394464, 0.30941179658697904], "orn_wxyz": [0.08808345044990519, 0.9097556179544753, 0.25280305279305715, -0.3172958207345639]}, "view2": {"pos": [0.4171735255888925, 0.23552267195828877, 0.2638098951973996], "orn_wxyz": [-0.21227513947555554, 0.42260322564559066, 0.878901816586912, 0.06226857662418065]}, "view3": {"pos": [-0.014040914215565484, 0.3941554014550373, 0.25268933279047295], "orn_wxyz": [-0.007295049790544527, 0.9414091459383976, 0.056630593372169864, 0.3323982221468793]}}