{"view0": {"pos": [0.36072976, 0.41291873, 0.30648647], "orn_wxyz": [0.1655683, 0.81494402, 0.28065989, -0.47925298]}, "view1": {"pos": [0.10118165, 0.47394513, 0.30265239], "orn_wxyz": [0.3190109, 0.94507174, -0.07051679, 0.00994117]}, "view2": {"pos": [0.00465632, 0.32838561, 0.26232907], "orn_wxyz": [0.06700862, 0.96685827, -0.02494526, 0.24509727]}}