{"view0": {"pos": [0.21397589035625414, 0.28047306993730725, 0.42783154168633486], "orn_wxyz": [0.006736109629362743, 0.9439858757807746, 0.3299027392193803, -0.0030779553302002637]}, "view1": {"pos": [0.3908105488465784, 0.4393504334418797, 0.2908213239297328], "orn_wxyz": [0.12104356456183588, 0.8631351197306448, 0.33633371738077533, -0.35668732962996996]}, "view2": {"pos": [0.06397319855129875, 0.45727418778546425, 0.278151226998427], "orn_wxyz": [0.4495147808381681, 0.8186736757873952, 0.32410605484049554, 0.15054945897112423]}, "view3": {"pos": [-0.027363930494041774, 0.29670036217070295, 0.19428929666726558], "orn_wxyz": [0.047742044151854034, 0.8989516569363635, 0.16989967642863782, 0.40092482544862834]}}