{
 "view0": {
  "pos": [
   0.21873595072179233,
   0.3466982063732407,
   0.5163498835471437
  ],
  "orn_wxyz": [
   0.033961562808410145,
   0.944177963564406,
   0.3248554504454639,
   -0.04293625142995651
  ]
 },
 "view1": {
  "pos": [
   -0.12967756979370465,
   0.27147107148804656,
   0.3366619033468388
  ],
  "orn_wxyz": [
   0.04838349418848257,
   0.9063122099661249,
   0.23947859728989862,
   0.3448292577443136
  ]
 },
 "view2": {
  "pos": [
   -0.016773526690550912,
   0.5174167715377663,
   0.402506033078313
  ],
  "orn_wxyz": [
   0.24668389598572382,
   0.9054769282656449,
   0.3280377378147265,
   0.1079343801080706
  ]
 },
 "view3": {
  "pos": [
   0.36111910011673226,
   0.4796338644311956,
   0.382632152436357
  ],
  "orn_wxyz": [
   0.1039314448232093,
   0.9032020200862051,
   0.31031932928358846,
   -0.27771618527219877
  ]
 }
}