{"view0": {"pos": [0.19946611511138546, 0.28076629395979985, 0.5782170380447154], "orn_wxyz": [0.00512339446959282, 0.9441718456138547, 0.3293898484259502, 0.0039502573543886]}, "view1": {"pos": [0.4157866427622473, 0.44220934827275, 0.3610339245096453], "orn_wxyz": [0.017464870347970535, 0.9014532227387465, 0.3191281368457989, -0.29194913562294617]}, "view2": {"pos": [0.006322491555629521, 0.5227860581883506, 0.35827676949409515], "orn_wxyz": [0.2673450794944229, 0.8817611792866523, 0.35717751580895607, 0.15312757221897]}, "view3": {"pos": [0.4133601491052536, 0.10748584874842684, 0.30968182715447373], "orn_wxyz": [-0.2682320330412592, 0.9001520596366791, 0.316539835971445, -0.13259101864593992]}, "view4": {"pos": [-0.14659653520042962, 0.33215335401483376, 0.3353571169377547], "orn_wxyz": [-0.032338893720123885, 0.9459474054714412, 0.06329936993962076, 0.3164346564459313]}}