{"view0": {"pos": [0.24228806715075454, 0.27354756295628957, 0.5551481635483185], "orn_wxyz": [0.002174013148486621, 0.9543471582830708, 0.2986556939755805, -0.004642370065185545]}, "view1": {"pos": [0.43365235586783857, 0.42564433123352335, 0.32096650343005334], "orn_wxyz": [0.11599540676582039, 0.8874675435239299, 0.35296519684646616, -0.27269395779145683]}, "view2": {"pos": [0.05128745128650833, 0.49998225078580544, 0.3360197503561742], "orn_wxyz": [0.3888964924001158, 0.8167731937949971, 0.4067800824907816, 0.12716537494774097]}, "view3": {"pos": [-0.14904823529717773, 0.3094532555780974, 0.25805448444005324], "orn_wxyz": [0.30113947358847104, 0.75411133858528, 0.41059800080615333, 0.41477751650489186]}, "view4": {"pos": [0.3895215933854309, 0.046513780490945095, 0.3281542621137228], "orn_wxyz": [-0.369949864862102, 0.9032064315525242, 0.17862115611621018, -0.12429691097680741]}}