{
 "view0": {
  "pos": [
   0.23985722240303245,
   0.26052195515410653,
   0.5701068144273241
  ],
  "orn_wxyz": [
   -0.005912699137142532,
   0.9536396433375781,
   0.3008391095076146,
   0.005683382316541577
  ]
 },
 "view1": {
  "pos": [
   0.07949707721277763,
   0.22859862050453356,
   0.45097533839767734
  ],
  "orn_wxyz": [
   -0.036899163509989986,
   0.9394326958337057,
   0.32285019038500107,
   0.10896061811153543
  ]
 },
 "view2": {
  "pos": [
   0.3915209392408166,
   0.4862067957111822,
   0.32073808016367844
  ],
  "orn_wxyz": [
   0.08162255205929227,
   0.905821251370701,
   0.3135523983046636,
   -0.27296613906845485
  ]
 },
 "view3": {
  "pos": [
   0.052530708367927836,
   0.6078261628010504,
   0.3588777706481084
  ],
  "orn_wxyz": [
   0.1711059617949872,
   0.9289587831960118,
   -0.239970386065929,
   0.2239922828415443
  ]
 },
 "view4": {
  "pos": [
   0.5704656790529168,
   0.20563119513338096,
   0.29730371651941423
  ],
  "orn_wxyz": [
   -0.32403252617643036,
   0.5311144962276173,
   0.7779446310577263,
   0.0878775562078473
  ]
 }
}