{
 "view0": {
  "pos": [
   0.29571619749947403,
   -0.11360321861729308,
   0.6714491058940366
  ],
  "orn_wxyz": [
   -0.0034395208297372496,
   0.9043518811628716,
   -0.4232576393235058,
   0.054670060251752646
  ]
 },
 "view1": {
  "pos": [
   0.13809199606630967,
   -0.2949089059239786,
   0.6302155911359545
  ],
  "orn_wxyz": [
   -0.2632480710631579,
   0.8598107620190882,
   -0.423104616408977,
   0.1113929538664524
  ]
 },
 "view2": {
  "pos": [
   0.35082292921482416,
   0.26527237511270924,
   0.4942297157828371
  ],
  "orn_wxyz": [
   0.21240654746471713,
   0.8052130308102488,
   -0.5194439640226668,
   0.19155521879581036
  ]
 },
 "view3": {
  "pos": [
   0.5441957162774836,
   -0.03515942180985042,
   0.49178975599073527
  ],
  "orn_wxyz": [
   0.24008070711406687,
   0.8619308987877313,
   -0.4356268386513537,
   -0.09831397272621437
  ]
 }
}